{
  "extraction_info": {
    "extraction_time": "{\"timestamp\": \"2025-09-08T23:30:14.828588\"}",
    "total_extracted": 1,
    "include_embeddings": true,
    "metadata_only": true
  },
  "sample_size": 1,
  "chunks": [
    {
      "word_count": 703,
      "section_path": "['People: Accessories Wearables, Apple Watch, Mac Mac']",
      "embedding": [
        -0.017359808087348938,
        -0.02822110615670681,
        -0.011655381880700588,
        -0.04030095413327217,
        0.031453777104616165,
        -0.07324555516242981,
        0.09887885302305222,
        -0.0355924591422081,
        -0.010274164378643036,
        -0.007035970687866211,
        -0.056462984532117844,
        0.048956017941236496,
        0.01630106009542942,
        -0.01992056705057621,
        0.053491778671741486,
        -0.021908113732933998,
        0.09251684695482254,
        -0.16242630779743195,
        -0.08585745841264725,
        0.018829090520739555,
        0.08016861230134964,
        -0.056089721620082855,
        0.025294555351138115,
        0.022701231762766838,
        0.02168959751725197,
        0.03421137481927872,
        -0.008744715712964535,
        0.02279600314795971,
        -0.032546933740377426,
        -0.10351206362247467,
        -0.03477755934000015,
        -0.005212831776589155,
        -0.0060969810001552105,
        0.041168853640556335,
        0.06908326596021652,
        0.024766383692622185,
        -0.04435630515217781,
        0.034422725439071655,
        -0.032692231237888336,
        0.006566622294485569,
        -0.025992585346102715,
        -0.00921870768070221,
        0.005184664390981197,
        0.08489477634429932,
        0.010069896467030048,
        0.023922555148601532,
        0.022208234295248985,
        -0.013622667640447617,
        -0.03552668169140816,
        0.02497417852282524,
        0.052638936787843704,
        -0.013509928248822689,
        -0.03738931939005852,
        -0.0035360772162675858,
        -0.044497936964035034,
        0.05195857584476471,
        0.007593266665935516,
        0.02071242779493332,
        0.06838497519493103,
        0.021834800019860268,
        0.03443322330713272,
        -0.04533776268362999,
        -0.1728176772594452,
        0.10939085483551025,
        0.022279199212789536,
        0.0057282703928649426,
        -0.00348873739130795,
        -0.009295746684074402,
        -0.05939783528447151,
        0.003191589377820492,
        0.0038922159001231194,
        -0.01664716936647892,
        0.024443751201033592,
        0.008837799541652203,
        -0.036341242492198944,
        0.004542166832834482,
        0.07296273112297058,
        -0.038556016981601715,
        -0.04169216752052307,
        -0.02676573395729065,
        0.0049506560899317265,
        -0.009254757314920425,
        -0.030634457245469093,
        -0.01286342553794384,
        0.027170676738023758,
        0.04302661865949631,
        0.008334232494235039,
        -0.036902833729982376,
        0.049310509115457535,
        -0.01704847812652588,
        -0.08062860369682312,
        -0.03533162921667099,
        0.044457968324422836,
        -0.023908520117402077,
        -0.07557230442762375,
        -0.046153925359249115,
        0.06797172874212265,
        0.003407028503715992,
        -0.04610556364059448,
        0.35641714930534363,
        0.017242789268493652,
        0.027407757937908173,
        0.011788791976869106,
        -0.04826854541897774,
        0.0031496707815676928,
        -0.008852803148329258,
        -0.028870798647403717,
        0.0009250934817828238,
        0.0003039191651623696,
        0.04446103051304817,
        -0.0097579937428236,
        0.07519571483135223,
        0.03528749570250511,
        -0.028076311573386192,
        0.02914232388138771,
        -0.022978810593485832,
        -0.012679075822234154,
        0.05047218129038811,
        0.09663396328687668,
        -0.07076983153820038,
        0.026611799374222755,
        -0.004371664021164179,
        0.013920786790549755,
        0.029901836067438126,
        -0.09907333552837372,
        -0.04087798669934273,
        0.04975134879350662,
        0.06596819311380386,
        0.0013409072998911142,
        -0.011573554947972298,
        0.07978973537683487,
        0.007029584143310785,
        -0.03480239585042,
        -0.020896868780255318,
        0.042251892387866974,
        -0.014276974834501743,
        -0.019900036975741386,
        0.008015074767172337,
        0.06469213962554932,
        -0.01771290972828865,
        -0.07367105782032013,
        -0.009830845519900322,
        0.06412947177886963,
        -0.0716809406876564,
        0.002832341007888317,
        0.07309532165527344,
        0.05954701825976372,
        0.028690600767731667,
        -0.013410139828920364,
        0.048283904790878296,
        -0.036976754665374756,
        0.0727398470044136,
        0.07046886533498764,
        -0.06477483361959457,
        -0.059383563697338104,
        0.04795340821146965,
        0.06285574287176132,
        -0.03281198441982269,
        -0.025617793202400208,
        0.018454493954777718,
        0.003041741671040654,
        0.011562583968043327,
        -0.01395256258547306,
        0.08534124493598938,
        0.05959358438849449,
        -0.16810184717178345,
        -0.0217855554074049,
        0.050026532262563705,
        -0.019694486632943153,
        0.013315911404788494,
        -0.04909152537584305,
        -0.005695908330380917,
        0.03314308077096939,
        -0.0031082215718925,
        0.03424255922436714,
        0.012852366082370281,
        -0.02141227386891842,
        0.009725541807711124,
        -0.06391320377588272,
        -0.027559926733374596,
        0.004917562007904053,
        -0.03806515783071518,
        -0.03396051004528999,
        -0.06157642602920532,
        0.09596729278564453,
        0.0035874273162335157,
        -0.016013825312256813,
        0.0037269142922014,
        0.07037519663572311,
        0.033853303641080856,
        -0.011129448190331459,
        0.015170156955718994,
        -0.0759703665971756,
        0.079420305788517,
        0.0029052230529487133,
        -0.0559699609875679,
        -0.04323047772049904,
        0.037138815969228745,
        0.03214629366993904,
        -0.001798455254174769,
        0.02670249342918396,
        -0.0017103838035836816,
        -0.023245425894856453,
        0.01696261391043663,
        0.035700712352991104,
        -0.014410511590540409,
        -0.05017944797873497,
        0.06271056085824966,
        0.060792163014411926,
        0.015776898711919785,
        -0.014483718201518059,
        0.021181738004088402,
        0.01026016566902399,
        -0.08182475715875626,
        0.01020406186580658,
        -0.03940720856189728,
        0.00499411066994071,
        0.028547197580337524,
        -0.0043526566587388515,
        0.03749909996986389,
        -0.023564986884593964,
        0.007214128505438566,
        -0.01512934360653162,
        -0.2808478772640228,
        -0.005158648826181889,
        -0.004767994396388531,
        -0.008295531384646893,
        -0.05169139802455902,
        -0.012624814175069332,
        0.0048993732780218124,
        -0.037029657512903214,
        -0.03661457449197769,
        0.04315071552991867,
        0.0696074515581131,
        -0.02944277599453926,
        0.04613494500517845,
        -0.03678567707538605,
        -0.012235133908689022,
        0.026965832337737083,
        0.027959957718849182,
        -0.00361384404823184,
        -0.05563979595899582,
        0.021219253540039062,
        -0.025417327880859375,
        0.03557373955845833,
        0.001707464107312262,
        0.030533665791153908,
        -0.004438996780663729,
        0.006359965540468693,
        0.07600520551204681,
        -0.0025591941084712744,
        -0.007567208725959063,
        -0.02835202030837536,
        0.016656018793582916,
